800-53,8500.2
AC-2,IAAC-1
AC-2(7),ECPA-1
AC-3,ECCD-1
AC-3(3),ECAN-1
AC-3(4),ECAN-1
AC-3(6),ECCR-2
AC-4,EBBD-1
AC-4(14),ECIC-1
AC-4(15),ECIC-1
AC-5,ECLP-1
AC-6,ECLP-1
AC-6(2),ECLP-1
AC-7,ECLO-1
AC-7(1),ECLO-1
AC-8,ECWM-1
AC-9,ECLO-2
AC-9(1),ECLO-2
AC-10,ECLO-1
AC-11,PESL-1
AC-11(1),PESL-1
AC-16,ECAD-1
AC-16(5),ECML-1
AC-17,EBRP-1
AC-17(2),EBRP-1
AC-17(3),EBRP-1
AC-17(4),EBRP-1
AC-17(7),EBRP-1
AC-18,ECWN-1
AC-18(1),ECCT-1
AC-18(2),ECWN-1
AC-18(3),ECWN-1
AC-18(4),ECWN-1
AC-18(5),ECTC-1
AC-19,ECWN-1
AT-2,PRTN-1
AT-3,PRTN-1
AT-3(1),PETN-1
AU-2,ECAR-1
AU-2(3),ECND-2
AU-3,ECAR-1
AU-6,ECAT-1
AU-6(1),ECAT-1
AU-6(3),ECAT-1
AU-7,ECRG-1
AU-8,ECAR-1
AU-9,ECTP-1
AU-9(2),ECTB-1
AU-10(5),DCNR-1
AU-11,ECRR-1
AU-12,ECAT-1
CA-2,DCAR-1
CA-2(2),ECMT-1
CA-3,DCID-1
CA-3(1),EBBD-3
CA-3(2),EBBD-3
CA-7(2),ECMT-1
CM-1,DCPR-1
CM-2,DCHW-1
CM-3,DCCB-1
CM-3(4),DCCB-2
CM-4,DCCT-1
CM-5,ECPC-1
CM-5(5),ECPC-1
CM-5(6),DCSL-1
CM-6,DCCS-1
CM-6(4),DCCT-1
CM-7(3),DCPP-1
CM-8,DCHW-1
CM-9,DCPR-1
CP-2,COEF-1
CP-2(3),CODP-1
CP-2(4),CODP-2
CP-2(5),CODP-3
CP-3,PRTN-1
CP-4,COED-1
CP-4(4),DCSS-2
CP-6,COBR-1
CP-7,COAS-1
CP-7(5),COEB-1
CP-9,COBR-1
CP-9(3),COSW-1
CP-9(6),CODB-3
CP-10,COTR-1
CP-10(2),ECDC-1
CP-10(3),COTR-1
IA-2,IAIA-1
IA-2(2),EBRU-1
IA-4,ECAD-1
IA-4(2),IAIA-1
IA-4(3),IAIA-2
IA-4(4),ECAD-1
IA-5,IAIA-1
IA-5(1),IAIA-1
IA-5(2),IATS-1
IA-5(2),IATS-2
IA-5(3),IAIA-1
IA-5(4),IAIA-2
IA-5(5),IAIA-1
IA-5(6),IAIA-1
IA-5(7),IAIA-1
IR-2,PRTN-1
IR-3,VIIR-1
IR-4,VIIR-1
IR-4(5),ECAT-2
IR-5,VIIR-1
IR-6,VIIR-1
IR-7,VIIR-1
IR-7(2),VIIR-1
IR-8,VIIR-1
MA-1,DCAR-1
MA-2,PECS-1
MA-4,EBRP-1
MA-4(1),EBRP-1
MA-4(6),EBRP-1
MA-5,PRMP-1
MA-5(1),PRMP-2
MA-5(2),PRMP-2
MA-5(3),PRMP-2
MA-6,COMS-1
MP-3,ECML-1
MP-4,PESS-1
MP-4(1),ECCR-1
MP-6,PECS-1
MP-6(1),PECS-1
MP-6(4),PECS-1
MP-6(5),PECS-2
MP-6(6),PEDD-1
PE-2,PECF-1
PE-2(1),PECF-1
PE-2(2),PEPF-2
PE-2(3),PECF-2
PE-3,PEPF-1
PE-3(3),PEPF-2
PE-3(6),PEPS-1
PE-5,PEDI-1
PE-7,PECF-1
PE-8,PEPF-2
PE-9(2),PEVR-1
PE-10,PEMS-1
PE-11,COPS-2
PE-11(1),COPS-1
PE-11(2),COPS-1
PE-12,PEEL-1
PE-12(1),PEEL-2
PE-13,PEFD-1
PE-13(1),PEFD-2
PE-13(2),PEFD-2
PE-13(4),PEFI-1
PE-14,PEHC-1
PE-14(1),PEHC-2
PE-14(2),PEHC-1
PE-19(1),ECTC-1
PL-1,DCAR-1
PL-2,DCSD-1
PL-2(1),DCFA-1
PL-4,PRRB-1
PS-3,PRAS-1
PS-3(1),PRAS-2
PS-4,IAAC-1
PS-5,IAAC-1
PS-6,PRAS-1
PS-6(1),PRAS-1
PS-6(2),PRAS-2
PS-7,DCIT-1
PS-8,PRRB-1
RA-5,ECMT-1
SA-2,DCPB-1
SA-4(3),DCSQ-1
SA-4(6),DCAS-1
SA-4(7),DCAS-1
SA-5,DCSD-1
SA-6(1),DCPD-1
SA-8,DCBP-1
SA-9,DCIT-1
SA-9(1),DCDS-1
SA-10,ECSD-1
SA-11(1),DCSQ-1
SA-14(1),ECND-2
SC-1,ECCM-1
SC-2,DCPA-1
SC-3,DCSP-1
SC-4,ECRC-1
SC-7,EBBD-1
SC-7(2),EBBD-1
SC-7(8),EBBD-2
SC-7(12),ECID-1
SC-7(13),EBBD-2
SC-7(18),DCSS-2
SC-8,ECTM-1
SC-8(2),ECTM-1
SC-9,ECCT-1
SC-9(1),ECCT-1
SC-12(2),IAKM-1
SC-12(3),IAKM-3
SC-12(4),IAKM-1
SC-12(5),IAKM-2
SC-13,DCNR-1
SC-13(1),ECCR-1
SC-13(2),ECCR-3
SC-13(3),ECCR-2
SC-13(4),DCNR-1
SC-15(2),ECIM-1
SC-16,ECTM-2
SC-18,DCMC-1
SC-18(2),DCMC-1
SC-18(3),DCMC-1
SC-18(4),DCMC-1
SC-19,ECVI-1
SC-23,ECTM-2
SC-24,DCSS-1
SC-28(1),ECCR-1
SI-2,DCCT-1
SI-3,ECVP-1
SI-4,ECID-1
SI-4(10),EBVC-1
SI-4(12),ECAT-2
SI-5,VIVM-1
SI-6,DCSS-1
SI-7,ECSD-2
SI-12,PESP-1
PM-10,DCSD-1
